Exception,CatchBlock,info,0,0,0,0,0,1,0,4,0,0,0,0,0.02,8,67,1,invalid topolog except, , , , ,storm submitt,backtyp storm,warn
Exception,CatchBlock,info,0,0,0,0,0,1,0,4,0,0,0,0,0.02,8,67,1,aliv except, , , , ,storm submitt,backtyp storm,warn
Exception,TryBlock,info,0,0,0,1,0,1,0,17,2,7,13,0,0.10,8,62,1, ,warn warn close client submit topolog client submit topolog opt,client client client client client, , ,storm submitt,backtyp storm,info
LogicBranch,IfBlock,info,0,0,0,1,0,1,0,27,3,12,22,1,0.16,8,65,1, ,configur client topolog name exist submit jar warn warn close info client submit topolog client submit topolog opt submit topolog,nimbu client client client client client client local nimbu,nimbu client,client,storm submitt,backtyp storm,info
Exception,TryBlock,info,0,0,0,1,0,1,0,33,4,14,24,2,0.20,8,66,1, ,string configur client topolog name exist submit jar warn warn close info client submit topolog client submit topolog opt info submit topolog,valu nimbu client client client client client client local nimbu,string nimbu client,ser conf client,storm submitt,backtyp storm,info
LogicBranch,IfBlock,info,0,0,0,1,0,0,0,7,1,3,4,1,0.04,8,65,1, ,info properti submit jar,system,string,local jar,storm submitt,backtyp storm,info
LogicBranch,IfBlock,info,0,0,0,1,0,0,0,7,1,3,4,1,0.04,8,65,1, ,info properti submit jar,system,string,local jar,storm submitt,backtyp storm,info
Exception,TryBlock,info,0,0,0,1,1,1,0,17,1,10,5,3,0.10,8,61,1, ,close client begin file upload read wrap client upload chunk client finish file upload info,client client client byte buffer client client client client,string buffer file input stream byte,upload locat submit,storm submitt,backtyp storm,info
Exception,TryBlock,info,0,0,0,1,1,1,0,17,1,10,5,3,0.10,8,62,1, ,close client begin file upload info read wrap client upload chunk client finish file upload,client client client byte buffer client client client client,string buffer file input stream byte,upload locat submit,storm submitt,backtyp storm,info
Exception,CatchBlock, ,0,0,0,0,0,0,0,4,0,1,1,0,0,0,0,0,fail except,fail,collector, , ,batch bolt executor,backtyp storm coordin,error
Exception,CatchBlock, ,0,0,0,0,0,0,0,8,0,2,2,1,0,0,0,0,fail except,fail remov,collector track,tupl,,coordin bolt,backtyp storm coordin,error
Exception,CatchBlock,error,0,0,0,0,0,0,0,3,0,0,0,0,0.02,1,38,2,except, , , , ,spout,backtyp storm drpc,error
Exception,CatchBlock,error,0,0,0,0,0,0,0,3,0,0,0,0,0.02,1,60,2,except, , , , ,spout,backtyp storm drpc,error
LogicBranch,IfBlock, ,0,0,0,0,0,0,0,11,0,11,12,3,0,0,0,0, ,contain kei contain kei remov remov add add valu valu emit ack ack,return result result return anchor anchor result return collector collector collector,tupl tupl list< tuple>,result return anchor,join result,backtyp storm drpc,debug
Exception,CatchBlock, ,0,0,0,0,0,0,0,4,0,1,1,0,0,0,0,0,except,fail,collector, , ,return result,backtyp storm drpc,error
CriticalMethodCheck,MethodBlock,debug,0,0,0,1,1,1,1,28,1,7,8,5,0.49,1,48,1, ,name instanc method debug invok prepar,stormconf class klass klass method transport,string context class object method,transportpluginklass name transport klass obj method,transport factori,backtyp storm messag,info
LogicBranch,IfBlock,info,0,0,0,0,0,0,0,11,0,3,5,1,0.19,1,69,1, ,method invok prepar,klass method transport,method,method,transport factori,backtyp storm messag,debug
LoopCheck,ForBlock, ,0,0,0,0,0,0,0,7,0,10,8,1,0,0,0,0, ,length length delet length length append append delet append append,header sb sb header sb sb append append delet append,data,,log metric consum,backtyp storm metric,info
CriticalMethodCheck,MethodBlock, ,0,0,0,0,1,0,0,10,0,1,0,1,0,0,0,0, ,,conn,transport,conn,simpl transport plugin,backtyp storm secur auth,debug
Exception,CatchBlock,error,0,0,0,0,0,0,0,3,0,0,0,0,0.04,1,60,2,except, , , , ,thrift server,backtyp storm secur auth,error
Exception,CatchBlock,error,0,0,0,0,0,0,0,5,0,3,1,0,0.06,1,28,2,except,stop runtim halt,server runtim runtim, , ,thrift server,backtyp storm secur auth,error
CriticalMethodCheck,MethodBlock, ,0,0,0,0,1,0,0,8,0,6,1,0,0,0,0,0, ,remot address remot address string princip princip,context context remot address context context topologyconf, , ,noop author,backtyp storm secur auth author,info
LogicBranch,IfBlock,debug,0,0,0,0,0,1,0,19,0,9,5,4,0.17,2,28,1, ,default text set text authent author equal set author set author author set author,rc realm callback ac ac authid ac ac ac ac,realm callback author callback string string,rc ac authid authzid,client callback handler,backtyp storm secur auth digest,debug
LogicBranch,IfBlock,debug,0,0,0,1,0,1,0,25,1,12,7,5,0.23,2,30,1, ,default text set text debug authent author equal set author set author author set author char arrai set password,rc realm callback ac ac authid ac ac ac ac password pc,realm callback author callback string string password callback,rc ac authid authzid pc,client callback handler,backtyp storm secur auth digest,debug
LogicBranch,IfBlock,debug,0,0,0,1,0,1,0,29,2,14,9,6,0.26,2,32,1, ,default text set text debug authent author equal set author set author author set author debug char arrai set password set name,rc realm callback ac ac authid ac ac ac ac password pc nc,realm callback author callback string string password callback name callback,rc ac authid authzid pc nc,client callback handler,backtyp storm secur auth digest,debug
CriticalMethodCheck,MethodBlock,debug,0,0,0,0,1,0,0,11,0,1,5,2,0.16,1,66,1, ,add server definit,factori,callback handler sasl server transport factori,serercallbackhandl factori,digest sasl transport plugin,backtyp storm secur auth digest,info
CriticalMethodCheck,MethodBlock,info,0,0,0,0,1,0,1,15,0,1,0,2,0.22,1,58,1, ,,wrappertransport,client callback handler sasl client transport,clientcallbackhandl wrappertransport,digest sasl transport plugin,backtyp storm secur auth digest,debug
CriticalMethodCheck,MethodBlock,debug,0,0,0,0,0,0,0,5,0,3,1,0,0.04,4,56,1, ,default name default name set name,nc nc nc, , ,server callback handler,backtyp storm secur auth digest,debug
CriticalMethodCheck,MethodBlock,debug,0,0,0,1,0,0,0,11,1,10,8,0,0.10,4,55,1, ,equal properti contain kei warn char arrai set password properti char arrai set password,super system credenti credenti pc system properti pc, , ,server callback handler,backtyp storm secur auth digest,debug
LogicBranch,IfBlock,debug,0,0,0,0,0,0,0,5,0,4,3,0,0.04,4,51,1, ,contain kei char arrai set password,credenti credenti pc, , ,server callback handler,backtyp storm secur auth digest,warn
CriticalMethodCheck,MethodBlock,debug,0,0,0,0,0,0,0,4,0,2,1,0,0.04,4,50,1, ,default text set text,rc rc, , ,server callback handler,backtyp storm secur auth digest,debug
CriticalMethodCheck,MethodBlock,debug,0,0,0,0,0,0,0,6,0,3,2,1,0.05,4,43,1, ,authent set author set author,ac ac ac,string,authent,server callback handler,backtyp storm secur auth digest,debug
Exception,TryBlock,error,0,0,0,0,0,1,0,11,0,3,2,1,0.12,1,26,1, ,char arrai decod hex,stormconf encryptionkei hex,byte,byte,blowfish tupl serial,backtyp storm secur serial,debug
Exception,CatchBlock,debug,0,0,0,0,0,0,0,4,0,1,0,0,0.04,1,54,1,except,print stack trace,ex, , ,blowfish tupl serial,backtyp storm secur serial,error
LogicBranch,IfBlock,info,0,0,0,0,0,1,0,5,0,0,0,0,0.02,1,91,1, , , , , ,serial factori,backtyp storm serial,info
LogicBranch,IfBlock,info,0,0,0,0,0,1,0,5,0,0,0,0,0.02,1,107,1, , , , , ,serial factori,backtyp storm serial,info
Exception,TryBlock,info,0,0,0,0,0,1,0,6,0,2,2,1,0.04,1,29,1, ,error string launch,process process,,subpid,shell spout,backtyp storm spout,info
LogicBranch,IfBlock,info,0,0,0,0,0,0,0,19,0,13,16,7,0.14,1,50,1, ,equal equal valu emit direct emit boolean valu write messag,command command action action action action task collector collector action boolean needtaskid process action,string list< object> object list< integer> object string,stream task tupl messag id outtask needtaskid msg,shell spout,backtyp storm spout,info
Exception,TryBlock,info,0,0,0,0,0,1,0,7,0,2,2,1,0.03,1,29,1, ,error string launch,process process,,subpid,shell bolt,backtyp storm task,info
LogicBranch,IfBlock,info,0,0,0,0,0,0,0,6,0,4,4,1,0.02,1,50,1, ,equal equal handl emit,command command action,string,msg,shell bolt,backtyp storm task,info
Exception,CatchBlock, ,0,0,0,0,0,0,0,4,0,1,1,0,0,0,0,0,fail except,fail,collector, , ,transact spout batch executor,backtyp storm transact,warn
Exception,CatchBlock, ,0,0,0,0,0,0,0,3,0,0,0,0,0,0,0,0,fail except, , , , ,transact spout coordin,backtyp storm transact,warn
LoopCheck,ForBlock, ,0,0,0,0,0,0,0,3,0,1,1,1,0,0,0,0, ,finish batch,,trident processor,,subtopolog bolt,storm trident planner,info
Exception,CatchBlock,warn,0,0,0,0,0,0,0,3,0,0,0,0,0.01,3,49,1,interrupt except, , , , ,client,backtyp storm messag netti,warn
LogicBranch,IfBlock,warn,0,0,0,1,0,0,0,9,2,6,5,0,0.04,3,36,1, ,close sleep time ms sleep info connect debug,thread bootstrap, , ,client,backtyp storm messag netti,warn
LogicBranch,IfBlock,warn,0,0,0,1,0,0,0,9,2,6,4,0,0.04,3,45,1, ,warn close sleep time ms sleep connect debug,thread bootstrap, , ,client,backtyp storm messag netti,info
LogicBranch,IfBlock,warn,0,0,0,1,0,0,0,9,2,6,5,0,0.04,3,48,1, ,warn close sleep time ms sleep info connect,thread bootstrap, , ,client,backtyp storm messag netti,debug
CriticalMethodCheck,MethodBlock,debug,0,0,0,0,0,0,0,4,0,1,1,0,0.03,2,47,2, ,,messagequeu, , ,server,backtyp storm messag netti,debug
Exception,CatchBlock,debug,0,0,0,0,1,0,0,4,0,0,0,0,0.03,2,76,2,interrupt except, , , , ,server,backtyp storm messag netti,info
Exception,TryBlock,debug,0,0,0,1,1,0,0,8,1,2,2,1,0.06,2,74,2, ,info,messagequeu,task messag,request,server,backtyp storm messag netti,debug
CriticalMethodCheck,MethodBlock,info,0,0,0,0,0,0,0,14,0,5,3,1,0.11,5,51,2, ,channel set channel close messag send request,event client channel client,channel,channel,storm client handler,backtyp storm messag netti,debug
CriticalMethodCheck,MethodBlock,info,0,0,0,1,0,0,0,17,1,6,4,2,0.13,5,45,1, ,messag info channel close messag send request,event event channel client,control messag channel,msg channel,storm client handler,backtyp storm messag netti,debug
LogicBranch,IfBlock,debug,0,0,0,0,0,0,0,2,0,0,0,0,0.02,5,54,1, , , , , ,storm client handler,backtyp storm messag netti,info
LogicBranch,IfBlock,info,0,0,0,1,0,0,0,6,1,5,2,0,0.05,5,51,1, ,success caus info channel close,futur futur futur channel, , ,storm client handler,backtyp storm messag netti,debug
LogicBranch,IfBlock,debug,0,0,0,1,0,0,0,6,1,5,2,0,0.05,5,50,1, ,success size debug channel close,futur request futur channel, , ,storm client handler,backtyp storm messag netti,info
LogicBranch,IfBlock,debug,0,0,0,0,0,0,0,3,0,0,0,0,0.02,5,54,1, , , , , ,storm client handler,backtyp storm messag netti,info
LogicBranch,IfBlock,info,0,0,0,0,1,0,0,8,0,4,2,1,0.11,1,50,2, ,channel write write,ctx failurecount channel channel,channel,channel,storm server handler,backtyp storm messag netti,debug
Exception,CatchBlock,debug,0,0,0,0,0,0,0,4,0,1,0,0,0.05,1,35,1,interrupt except,increment,failurecount, , ,storm server handler,backtyp storm messag netti,info
