Exception,CatchBlock,warn,0,0,0,0,0,0,0,7,0,0,0,0,0.02,3,55,2,throwabl, , , , ,finaliz refer queue,com googl common base,info
Exception,CatchBlock,info,0,0,0,0,0,0,0,3,0,0,0,0,0.01,3,81,2,throwabl, , , , ,finaliz refer queue,com googl common base,error
Exception,CatchBlock,warn,0,0,0,0,1,0,0,4,0,0,0,0,0.01,3,84,3,secur except, , , , ,finaliz refer queue,com googl common base,info
Exception,CatchBlock,info,0,0,0,0,1,0,0,4,0,0,0,0,0.01,3,88,2,except, , , , ,finaliz refer queue,com googl common base,warn
CriticalMethodCheck,MethodBlock, ,0,0,0,0,0,0,0,3,0,0,0,0,0,0,0,0, , , , , ,platform,com googl common base,warn
Exception,CatchBlock,info,0,0,0,0,0,0,0,4,0,0,0,0,0.02,3,103,2,throwabl, , , , ,final,com googl common base intern,info
Exception,CatchBlock,info,0,0,0,0,0,0,0,6,0,0,0,0,0.03,3,99,2,throwabl, , , , ,final,com googl common base intern,info
Exception,CatchBlock,info,0,0,0,0,0,0,0,3,0,0,0,0,0.01,3,112,2,throwabl, , , , ,final,com googl common base intern,error
Exception,CatchBlock,info,0,0,0,0,1,0,0,7,0,0,0,0,0.03,3,87,3,throwabl, , , , ,final,com googl common base intern,info
LogicBranch,IfBlock, ,0,0,0,0,0,0,0,3,0,0,0,0,0,0,0,0, , , , , ,cach builder,com googl common cach,warn
Exception,CatchBlock,error,0,0,0,0,0,0,0,7,0,1,4,0,0.03,1,53,3,throwabl,format,string, , ,event bu,com googl common eventbu,error
LogicBranch,IfBlock,error,0,0,0,0,0,0,0,3,0,1,1,0,0.01,1,115,3, ,loggabl,logger, , ,event bu,com googl common eventbu,error
LogicBranch,IfBlock, ,0,0,0,0,0,1,0,5,0,0,0,0,0,0,0,0, , , , , ,closeabl,com googl common io,warn
CriticalMethodCheck,MethodBlock, ,0,0,0,0,0,0,0,6,0,0,0,0,0,0,0,0, , , , , ,closer,com googl common io,warn
LogicBranch,IfBlock,error,0,0,0,0,0,1,0,5,0,0,0,0,0.07,1,71,3, , , , , ,flushabl,com googl common io,warn
Exception,CatchBlock,warn,0,0,0,0,0,0,0,3,0,0,0,0,0.04,1,76,3,except, , , , ,flushabl,com googl common io,error
Exception,CatchBlock,warn,0,0,0,0,1,0,0,5,0,0,0,0,0.01,3,54,1,secur except, , , , ,class path,com googl common reflect,warn
Exception,CatchBlock,warn,0,0,0,0,0,0,0,5,0,0,0,0,0.01,3,54,1,malform except, , , , ,class path,com googl common reflect,warn
Exception,CatchBlock,warn,0,0,0,0,0,0,0,3,0,0,0,0,0.01,3,51,1,malform except, , , , ,class path,com googl common reflect,warn
LogicBranch,IfBlock,warn,0,0,0,0,1,0,0,5,0,0,0,0,0.01,3,54,1, , , , , ,class path,com googl common reflect,warn
Exception,CatchBlock, ,0,0,0,0,0,0,0,9,0,0,0,0,0,0,0,0,except, , , , ,abstract execut thread servic,com googl common util concurr,warn
Exception,CatchBlock, ,0,0,0,0,0,0,0,6,0,0,0,0,0,0,0,0,except, , , , ,abstract schedul servic,com googl common util concurr,warn
LogicBranch,IfBlock, ,0,0,0,0,0,0,0,8,0,0,0,1,0,0,0,0, , , ,string,messag,aggreg futur,com googl common util concurr,error
LogicBranch,IfBlock, ,0,0,0,0,0,0,0,3,0,0,0,0,0,0,0,0, , , , , ,aggreg futur,com googl common util concurr,error
CriticalMethodCheck,MethodBlock, ,0,0,0,0,0,0,0,4,0,0,0,0,0,0,0,0, , , , , ,cycl detect lock factori,com googl common util concurr,error
Exception,CatchBlock, ,0,0,0,0,0,0,0,9,0,0,0,0,0,0,0,0,runtim except, , , , ,execut list,com googl common util concurr,error
Exception,CatchBlock, ,0,0,0,0,0,0,0,8,0,0,0,0,0,0,0,0,runtim except, , , , ,immedi futur,com googl common util concurr,error
Exception,CatchBlock,error,0,0,0,0,0,1,0,12,0,0,0,0,0.05,1,96,3,runtim except, , , , ,listen call queue,com googl common util concurr,error
Exception,CatchBlock,error,0,0,0,0,0,0,0,7,0,0,0,0,0.03,1,100,3,runtim except, , , , ,listen call queue,com googl common util concurr,error
Exception,CatchBlock, ,0,0,0,0,0,0,0,3,0,0,0,0,0,0,0,0,runtim except, , , , ,sequenti executor,com googl common util concurr,error
Exception,CatchBlock,debug,0,0,0,0,0,0,0,7,0,0,0,0,0.01,5,97,3,illeg except, , , , ,servic manag,com googl common util concurr,warn
LogicBranch,IfBlock,warn,0,0,0,0,0,0,0,3,0,0,0,0,0.00,5,93,3, , , , , ,servic manag,com googl common util concurr,debug
LogicBranch,IfBlock,warn,0,0,0,0,0,0,0,3,0,0,0,0,0.00,5,100,3, , , , , ,servic manag,com googl common util concurr,debug
LogicBranch,IfBlock,warn,0,0,0,0,0,0,0,6,0,0,0,0,0.01,5,88,3, , , , , ,servic manag,com googl common util concurr,debug
LogicBranch,IfBlock,debug,0,0,0,0,0,0,0,6,0,0,0,0,0.01,5,90,3, , , , , ,servic manag,com googl common util concurr,error
Exception,TryBlock, ,0,0,0,0,0,0,0,12,0,6,6,0,0,0,0,0, ,messag println messag println exit format,systemerr error log systemerr runtim string, , ,uncaught except handler,com googl common util concurr,error
Exception,CatchBlock, ,0,0,0,0,0,0,0,5,0,0,0,0,0,0,0,0,class def found error, , , , ,abstract packag saniti test,com googl common test,error
Exception,CatchBlock, ,0,0,0,0,1,0,0,4,0,1,1,0,0,0,0,0,invoc target except,arbitrari constant instanc null,, , ,arbitrari instanc,com googl common test,warn
Exception,CatchBlock, ,0,0,0,0,0,0,0,3,0,0,0,0,0,0,0,0,throwabl, , , , ,sloppi tear,com googl common test,info
LogicBranch,IfBlock, ,0,0,0,0,0,0,0,5,0,1,1,0,0,0,0,0, ,add,except, , ,tear stack,com googl common test,info
CriticalMethodCheck,MethodBlock, ,0,0,0,0,0,0,0,3,0,0,0,0,0,0,0,0, , , , , ,test log handler test,com googl common test,info
Exception,CatchBlock,error,0,0,0,0,0,0,0,9,0,0,0,0,0.01,3,112,3,runtim except, , , , ,execut list benchmark,com googl common util concurr,error
Exception,CatchBlock,error,0,0,0,0,0,0,0,6,0,0,0,0,0.01,3,112,3,runtim except, , , , ,execut list benchmark,com googl common util concurr,error
Exception,CatchBlock,error,0,0,0,0,0,0,0,6,0,0,0,0,0.01,3,112,3,runtim except, , , , ,execut list benchmark,com googl common util concurr,error
Exception,CatchBlock,error,0,0,0,0,0,0,0,9,0,0,0,0,0.01,3,112,3,runtim except, , , , ,execut list benchmark,com googl common util concurr,error
LogicBranch,IfBlock, ,0,0,0,0,1,0,0,4,0,1,0,0,0,0,0,0, ,delet,file, , ,io test,com googl common io,warn
LogicBranch,IfBlock, ,0,0,0,0,0,0,0,3,0,2,0,0,0,0,0,0, ,delet,file thread local, , ,sourc sink factori,com googl common io,warn
Exception,CatchBlock,warn,0,0,0,0,1,0,0,4,0,0,0,0,0.01,3,84,3,secur except, , , , ,finaliz refer queue,com googl common base,info
Exception,CatchBlock,info,0,0,0,0,1,0,0,4,0,0,0,0,0.01,3,88,2,except, , , , ,finaliz refer queue,com googl common base,warn
CriticalMethodCheck,MethodBlock, ,0,0,0,0,0,0,0,3,0,0,0,0,0,0,0,0, , , , , ,platform,com googl common base,warn
Exception,CatchBlock,info,0,0,0,0,0,0,0,3,0,0,0,0,0.01,3,112,2,throwabl, , , , ,final,com googl common base intern,error
Exception,CatchBlock,info,0,0,0,0,1,0,0,7,0,0,0,0,0.03,3,87,3,throwabl, , , , ,final,com googl common base intern,info
LogicBranch,IfBlock, ,0,0,0,0,0,0,0,3,0,0,0,0,0,0,0,0, , , , , ,cach builder,com googl common cach,warn
Exception,CatchBlock,warn,0,0,0,0,0,0,0,3,0,0,0,0,0.00,1,63,3,throwabl, , , , ,local cach,com googl common cach,warn
Exception,CatchBlock,warn,0,0,0,0,0,0,0,4,0,1,1,0,0.00,1,68,3,throwabl,set except,load valu refer, , ,local cach,com googl common cach,warn
Exception,CatchBlock,warn,0,0,0,0,0,0,0,5,0,0,0,0,0.01,3,54,1,malform except, , , , ,class path,com googl common reflect,warn
Exception,CatchBlock,warn,0,0,0,0,0,0,0,3,0,0,0,0,0.01,3,51,1,malform except, , , , ,class path,com googl common reflect,warn
LogicBranch,IfBlock,warn,0,0,0,0,1,0,0,5,0,0,0,0,0.01,3,54,1, , , , , ,class path,com googl common reflect,warn
Exception,CatchBlock,error,0,0,0,0,0,0,0,9,0,0,0,0,0.01,2,84,3,runtim except, , , , ,abstract futur,com googl common util concurr,error
LogicBranch,IfBlock,warn,0,0,0,0,0,0,0,3,0,0,0,0,0.00,5,100,3, , , , , ,servic manag,com googl common util concurr,debug
LogicBranch,IfBlock,warn,0,0,0,0,0,0,0,6,0,0,0,0,0.01,5,88,3, , , , , ,servic manag,com googl common util concurr,debug
LogicBranch,IfBlock,debug,0,0,0,0,0,0,0,6,0,0,0,0,0.01,5,90,3, , , , , ,servic manag,com googl common util concurr,error
Exception,CatchBlock, ,0,0,0,0,0,0,0,6,0,0,0,0,0,0,0,0,runtim except, , , , ,abstract futur,com googl common util concurr,error
Exception,CatchBlock, ,0,0,0,0,1,0,0,4,0,1,1,0,0,0,0,0,invoc target except,arbitrari constant instanc null,, , ,arbitrari instanc,com googl common test,warn
LogicBranch,IfBlock,warn,0,0,0,0,0,0,0,3,0,2,0,0,0.00,1,79,3, ,delet,file thread local, , ,sourc sink factori,com googl common io,warn
Exception,CatchBlock,warn,0,0,0,0,0,0,0,3,0,0,0,0,0.00,1,65,1,except, , , , ,sourc sink factori,com googl common io,warn
Exception,CatchBlock, ,0,0,0,0,0,0,0,3,0,0,0,0,0,0,0,0,except, , , , ,class path test,com googl common reflect,warn
