Exception,CatchBlock,warn,0,0,0,0,0,0,0,7,3,0,0,0,0.02,3,55,2,Throwable, , , , ,finaliz refer queue,com googl common base,info
Exception,CatchBlock,info,0,0,0,0,0,0,0,3,3,0,0,0,0.01,3,112,2,Throwable, , , , ,final,com googl common base intern,error
Exception,CatchBlock,warn,0,0,0,0,1,0,0,4,1,0,0,0,0.01,3,84,3,SecurityException, , , , ,finaliz refer queue,com googl common base,info
Exception,CatchBlock,info,0,0,0,0,1,0,0,4,3,0,0,0,0.01,3,88,2,Exception, , , , ,finaliz refer queue,com googl common base,warn
CriticalMethodCheck,MethodBlock, ,0,0,0,0,0,0,0,3,3,0,0,0,0,0,0,0, , , , , ,platform,com googl common base,warn
Exception,CatchBlock,info,0,0,0,0,0,0,0,4,3,0,0,0,0.02,3,103,2,Throwable, , , , ,final,com googl common base intern,info
Exception,CatchBlock,info,0,0,0,0,0,0,0,6,3,0,0,0,0.03,3,99,2,Throwable, , , , ,final,com googl common base intern,info
Exception,CatchBlock,info,0,0,0,0,1,0,0,7,2,0,0,0,0.03,3,87,3,Throwable, , , , ,final,com googl common base intern,info
LogicBranch,IfBlock, ,0,0,0,0,0,0,0,3,2,0,0,0,0,0,0,0, , , , , ,cach builder,com googl common cach,warn
Exception,CatchBlock,warn,0,0,0,0,0,0,0,3,3,0,0,0,0.00,1,63,3,Throwable, , , , ,local cach,com googl common cach,warn
Exception,CatchBlock,warn,0,0,0,0,0,0,0,4,3,1,1,0,0.00,1,68,3,Throwable,set except,load valu refer, , ,local cach,com googl common cach,warn
Exception,CatchBlock,error,0,0,0,0,0,0,0,7,3,1,4,0,0.03,1,53,3,Throwable,format,string, , ,event bu,com googl common eventbu,error
LogicBranch,IfBlock,error,0,0,0,0,0,0,0,3,3,1,1,0,0.01,1,115,3, ,loggabl,logger, , ,event bu,com googl common eventbu,error
LogicBranch,IfBlock, ,0,0,0,0,0,1,0,5,3,0,0,0,0,0,0,0, , , , , ,closeabl,com googl common io,warn
CriticalMethodCheck,MethodBlock, ,0,0,0,0,0,0,0,6,3,0,0,0,0,0,0,0, , , , , ,closer,com googl common io,warn
LogicBranch,IfBlock,error,0,0,0,0,0,1,0,5,3,0,0,0,0.07,1,71,3, , , , , ,flushabl,com googl common io,warn
Exception,CatchBlock,warn,0,0,0,0,0,0,0,3,3,0,0,0,0.04,1,76,3,IOException, , , , ,flushabl,com googl common io,error
Exception,CatchBlock,warn,0,0,0,0,1,0,0,5,1,0,0,0,0.01,3,54,1,SecurityException, , , , ,class path,com googl common reflect,warn
Exception,CatchBlock,warn,0,0,0,0,0,0,0,5,1,0,0,0,0.01,3,54,1,MalformedURLException, , , , ,class path,com googl common reflect,warn
Exception,CatchBlock,warn,0,0,0,0,0,0,0,3,3,0,0,0,0.01,3,51,1,MalformedURLException, , , , ,class path,com googl common reflect,warn
LogicBranch,IfBlock,warn,0,0,0,0,1,0,0,5,1,0,0,0,0.01,3,54,1, , , , , ,class path,com googl common reflect,warn
Exception,CatchBlock, ,0,0,0,0,0,0,0,6,3,0,0,0,0,0,0,0,Exception, , , , ,abstract schedul servic,com googl common util concurr,warn
LogicBranch,IfBlock,error,0,0,0,1,0,0,0,5,3,1,3,0,0.00,2,103,3, ,log,log, , ,abstract futur,com googl common util concurr,error
LogicBranch,IfBlock,error,0,0,0,1,0,0,0,5,3,1,3,0,0.00,2,93,3, ,log,log, , ,abstract futur,com googl common util concurr,error
Exception,CatchBlock, ,0,0,0,0,0,0,0,9,3,0,0,0,0,0,0,0,RuntimeException, , , , ,execut list benchmark,com googl common util concurr,error
LogicBranch,IfBlock, ,0,0,0,0,0,0,0,8,3,0,0,1,0,0,0,0, , , ,string,messag,aggreg futur,com googl common util concurr,error
LogicBranch,IfBlock, ,0,0,0,0,0,0,0,3,3,0,0,0,0,0,0,0, , , , , ,aggreg futur,com googl common util concurr,error
CriticalMethodCheck,MethodBlock, ,0,0,0,0,0,0,0,4,3,0,0,0,0,0,0,0, , , , , ,cycl detect lock factori,com googl common util concurr,error
Exception,CatchBlock, ,0,0,0,0,0,0,0,8,3,0,0,0,0,0,0,0,RuntimeException, , , , ,immedi futur,com googl common util concurr,error
Exception,CatchBlock,error,0,0,0,0,0,1,0,12,3,0,0,0,0.05,1,96,3,RuntimeException, , , , ,listen call queue,com googl common util concurr,error
Exception,CatchBlock,error,0,0,0,0,0,0,0,7,3,0,0,0,0.03,1,100,3,RuntimeException, , , , ,listen call queue,com googl common util concurr,error
Exception,CatchBlock, ,0,0,0,0,0,0,0,3,3,0,0,0,0,0,0,0,RuntimeException, , , , ,sequenti executor,com googl common util concurr,error
LogicBranch,IfBlock,debug,0,0,0,0,0,0,0,9,3,2,1,0,0.01,5,80,3, ,empti,copi immut list, , ,servic manag,com googl common util concurr,warn
Exception,CatchBlock,debug,0,0,0,0,0,0,0,7,3,0,0,0,0.01,5,97,3,IllegalStateException, , , , ,servic manag,com googl common util concurr,warn
LogicBranch,IfBlock,warn,0,0,0,0,0,0,0,3,3,0,0,0,0.00,5,93,3, , , , , ,servic manag,com googl common util concurr,debug
LogicBranch,IfBlock,warn,0,0,0,0,0,0,0,3,3,0,0,0,0.00,5,100,3, , , , , ,servic manag,com googl common util concurr,debug
LogicBranch,IfBlock,warn,0,0,0,0,0,0,0,6,3,0,0,0,0.01,5,88,3, , , , , ,servic manag,com googl common util concurr,debug
LogicBranch,IfBlock,debug,0,0,0,0,0,0,0,6,3,0,0,0,0.01,5,90,3, , , , , ,servic manag,com googl common util concurr,error
Exception,TryBlock, ,0,0,0,0,0,0,0,12,3,6,6,0,0,0,0,0, ,messag println messag println exit format,systemerr error log systemerr runtim string, , ,uncaught except handler,com googl common util concurr,error
Exception,CatchBlock, ,0,0,0,0,0,0,0,5,3,0,0,0,0,0,0,0,NoClassDefFoundError, , , , ,abstract packag saniti test,com googl common test,error
Exception,CatchBlock, ,0,0,0,0,1,0,0,4,3,1,1,0,0,0,0,0,InvocationTargetException,arbitrari constant instanc null,, , ,arbitrari instanc,com googl common test,warn
Exception,CatchBlock, ,0,0,0,0,0,0,0,3,3,0,0,0,0,0,0,0,Throwable, , , , ,sloppi tear,com googl common test,info
LogicBranch,IfBlock, ,0,0,0,0,0,0,0,5,3,1,1,0,0,0,0,0, ,add,except, , ,tear stack,com googl common test,info
CriticalMethodCheck,MethodBlock, ,0,0,0,0,0,0,0,3,3,0,0,0,0,0,0,0, , , , , ,test log handler test,com googl common test,info
LogicBranch,IfBlock, ,0,0,0,0,1,0,0,4,3,1,0,0,0,0,0,0, ,delet,file, , ,io test,com googl common io,warn
LogicBranch,IfBlock,warn,0,0,0,0,0,0,0,3,1,2,0,0,0.00,1,79,3, ,delet,file thread local, , ,sourc sink factori,com googl common io,warn
Exception,CatchBlock, ,0,0,0,0,0,0,0,6,3,0,0,0,0,0,0,0,RuntimeException, , , , ,abstract futur,com googl common util concurr,error
Exception,CatchBlock,warn,0,0,0,0,0,0,0,3,3,0,0,0,0.00,1,65,1,IOException, , , , ,sourc sink factori,com googl common io,warn
Exception,CatchBlock, ,0,0,0,0,0,0,0,3,3,0,0,0,0,0,0,0,IOException, , , , ,class path test,com googl common reflect,warn
Exception,CatchBlock,warn,0,0,0,0,0,0,0,7,3,0,0,0,0.02,3,55,2,Throwable, , , , ,finaliz refer queue,com googl common base,info
Exception,CatchBlock,info,0,0,0,0,0,0,0,3,3,0,0,0,0.01,3,112,2,Throwable, , , , ,final,com googl common base intern,error
Exception,CatchBlock,warn,0,0,0,0,1,0,0,4,1,0,0,0,0.01,3,84,3,SecurityException, , , , ,finaliz refer queue,com googl common base,info
Exception,CatchBlock,info,0,0,0,0,1,0,0,4,3,0,0,0,0.01,3,88,2,Exception, , , , ,finaliz refer queue,com googl common base,warn
CriticalMethodCheck,MethodBlock, ,0,0,0,0,0,0,0,3,3,0,0,0,0,0,0,0, , , , , ,platform,com googl common base,warn
Exception,CatchBlock,info,0,0,0,0,0,0,0,4,3,0,0,0,0.02,3,103,2,Throwable, , , , ,final,com googl common base intern,info
Exception,CatchBlock,info,0,0,0,0,0,0,0,6,3,0,0,0,0.03,3,99,2,Throwable, , , , ,final,com googl common base intern,info
Exception,CatchBlock,info,0,0,0,0,1,0,0,7,2,0,0,0,0.03,3,87,3,Throwable, , , , ,final,com googl common base intern,info
LogicBranch,IfBlock, ,0,0,0,0,0,0,0,3,2,0,0,0,0,0,0,0, , , , , ,cach builder,com googl common cach,warn
Exception,CatchBlock,warn,0,0,0,0,0,0,0,3,3,0,0,0,0.00,1,63,3,Throwable, , , , ,local cach,com googl common cach,warn
Exception,CatchBlock,warn,0,0,0,0,0,0,0,4,3,1,1,0,0.00,1,68,3,Throwable,set except,load valu refer, , ,local cach,com googl common cach,warn
Exception,CatchBlock,error,0,0,0,0,0,0,0,7,3,1,4,0,0.03,1,53,3,Throwable,format,string, , ,event bu,com googl common eventbu,error
LogicBranch,IfBlock,error,0,0,0,0,0,0,0,3,3,1,1,0,0.01,1,115,3, ,loggabl,logger, , ,event bu,com googl common eventbu,error
LogicBranch,IfBlock, ,0,0,0,0,0,1,0,5,3,0,0,0,0,0,0,0, , , , , ,closeabl,com googl common io,warn
CriticalMethodCheck,MethodBlock, ,0,0,0,0,0,0,0,6,3,0,0,0,0,0,0,0, , , , , ,closer,com googl common io,warn
LogicBranch,IfBlock,error,0,0,0,0,0,1,0,5,3,0,0,0,0.07,1,71,3, , , , , ,flushabl,com googl common io,warn
Exception,CatchBlock,warn,0,0,0,0,0,0,0,3,3,0,0,0,0.04,1,76,3,IOException, , , , ,flushabl,com googl common io,error
Exception,CatchBlock,warn,0,0,0,0,1,0,0,5,1,0,0,0,0.01,3,54,1,SecurityException, , , , ,class path,com googl common reflect,warn
Exception,CatchBlock,warn,0,0,0,0,0,0,0,5,1,0,0,0,0.01,3,54,1,MalformedURLException, , , , ,class path,com googl common reflect,warn
Exception,CatchBlock,warn,0,0,0,0,0,0,0,3,3,0,0,0,0.01,3,51,1,MalformedURLException, , , , ,class path,com googl common reflect,warn
LogicBranch,IfBlock,warn,0,0,0,0,1,0,0,5,1,0,0,0,0.01,3,54,1, , , , , ,class path,com googl common reflect,warn
Exception,CatchBlock, ,0,0,0,0,0,0,0,6,3,0,0,0,0,0,0,0,Exception, , , , ,abstract schedul servic,com googl common util concurr,warn
LogicBranch,IfBlock,error,0,0,0,1,0,0,0,5,3,1,3,0,0.00,2,103,3, ,log,log, , ,abstract futur,com googl common util concurr,error
LogicBranch,IfBlock,error,0,0,0,1,0,0,0,5,3,1,3,0,0.00,2,93,3, ,log,log, , ,abstract futur,com googl common util concurr,error
Exception,CatchBlock, ,0,0,0,0,0,0,0,9,3,0,0,0,0,0,0,0,RuntimeException, , , , ,execut list benchmark,com googl common util concurr,error
LogicBranch,IfBlock, ,0,0,0,0,0,0,0,8,3,0,0,1,0,0,0,0, , , ,string,messag,aggreg futur,com googl common util concurr,error
LogicBranch,IfBlock, ,0,0,0,0,0,0,0,3,3,0,0,0,0,0,0,0, , , , , ,aggreg futur,com googl common util concurr,error
CriticalMethodCheck,MethodBlock, ,0,0,0,0,0,0,0,4,3,0,0,0,0,0,0,0, , , , , ,cycl detect lock factori,com googl common util concurr,error
Exception,CatchBlock, ,0,0,0,0,0,0,0,8,3,0,0,0,0,0,0,0,RuntimeException, , , , ,immedi futur,com googl common util concurr,error
Exception,CatchBlock,error,0,0,0,0,0,1,0,12,3,0,0,0,0.05,1,96,3,RuntimeException, , , , ,listen call queue,com googl common util concurr,error
Exception,CatchBlock,error,0,0,0,0,0,0,0,7,3,0,0,0,0.03,1,100,3,RuntimeException, , , , ,listen call queue,com googl common util concurr,error
Exception,CatchBlock, ,0,0,0,0,0,0,0,3,3,0,0,0,0,0,0,0,RuntimeException, , , , ,sequenti executor,com googl common util concurr,error
LogicBranch,IfBlock,debug,0,0,0,0,0,0,0,9,3,2,1,0,0.01,5,80,3, ,empti,copi immut list, , ,servic manag,com googl common util concurr,warn
Exception,CatchBlock,debug,0,0,0,0,0,0,0,7,3,0,0,0,0.01,5,97,3,IllegalStateException, , , , ,servic manag,com googl common util concurr,warn
LogicBranch,IfBlock,warn,0,0,0,0,0,0,0,3,3,0,0,0,0.00,5,93,3, , , , , ,servic manag,com googl common util concurr,debug
LogicBranch,IfBlock,warn,0,0,0,0,0,0,0,3,3,0,0,0,0.00,5,100,3, , , , , ,servic manag,com googl common util concurr,debug
LogicBranch,IfBlock,warn,0,0,0,0,0,0,0,6,3,0,0,0,0.01,5,88,3, , , , , ,servic manag,com googl common util concurr,debug
LogicBranch,IfBlock,debug,0,0,0,0,0,0,0,6,3,0,0,0,0.01,5,90,3, , , , , ,servic manag,com googl common util concurr,error
Exception,TryBlock, ,0,0,0,0,0,0,0,12,3,6,6,0,0,0,0,0, ,messag println messag println exit format,systemerr error log systemerr runtim string, , ,uncaught except handler,com googl common util concurr,error
Exception,CatchBlock, ,0,0,0,0,0,0,0,5,3,0,0,0,0,0,0,0,NoClassDefFoundError, , , , ,abstract packag saniti test,com googl common test,error
Exception,CatchBlock, ,0,0,0,0,1,0,0,4,3,1,1,0,0,0,0,0,InvocationTargetException,arbitrari constant instanc null,, , ,arbitrari instanc,com googl common test,warn
Exception,CatchBlock, ,0,0,0,0,0,0,0,3,3,0,0,0,0,0,0,0,Throwable, , , , ,sloppi tear,com googl common test,info
LogicBranch,IfBlock, ,0,0,0,0,0,0,0,5,3,1,1,0,0,0,0,0, ,add,except, , ,tear stack,com googl common test,info
CriticalMethodCheck,MethodBlock, ,0,0,0,0,0,0,0,3,3,0,0,0,0,0,0,0, , , , , ,test log handler test,com googl common test,info
LogicBranch,IfBlock, ,0,0,0,0,1,0,0,4,3,1,0,0,0,0,0,0, ,delet,file, , ,io test,com googl common io,warn
LogicBranch,IfBlock,warn,0,0,0,0,0,0,0,3,1,2,0,0,0.00,1,79,3, ,delet,file thread local, , ,sourc sink factori,com googl common io,warn
Exception,CatchBlock, ,0,0,0,0,0,0,0,6,3,0,0,0,0,0,0,0,RuntimeException, , , , ,abstract futur,com googl common util concurr,error
Exception,CatchBlock,warn,0,0,0,0,0,0,0,3,3,0,0,0,0.00,1,65,1,IOException, , , , ,sourc sink factori,com googl common io,warn
Exception,CatchBlock, ,0,0,0,0,0,0,0,3,3,0,0,0,0,0,0,0,IOException, , , , ,class path test,com googl common reflect,warn
Exception,CatchBlock,warn,0,0,0,0,0,0,0,7,3,0,0,0,0.02,3,55,2,Throwable, , , , ,finaliz refer queue,com googl common base,info
Exception,CatchBlock,info,0,0,0,0,0,0,0,3,3,0,0,0,0.01,3,112,2,Throwable, , , , ,final,com googl common base intern,error
Exception,CatchBlock,warn,0,0,0,0,1,0,0,4,1,0,0,0,0.01,3,84,3,SecurityException, , , , ,finaliz refer queue,com googl common base,info
Exception,CatchBlock,info,0,0,0,0,1,0,0,4,3,0,0,0,0.01,3,88,2,Exception, , , , ,finaliz refer queue,com googl common base,warn
CriticalMethodCheck,MethodBlock, ,0,0,0,0,0,0,0,3,3,0,0,0,0,0,0,0, , , , , ,platform,com googl common base,warn
Exception,CatchBlock,info,0,0,0,0,0,0,0,4,3,0,0,0,0.02,3,103,2,Throwable, , , , ,final,com googl common base intern,info
Exception,CatchBlock,info,0,0,0,0,0,0,0,6,3,0,0,0,0.03,3,99,2,Throwable, , , , ,final,com googl common base intern,info
Exception,CatchBlock,info,0,0,0,0,1,0,0,7,2,0,0,0,0.03,3,87,3,Throwable, , , , ,final,com googl common base intern,info
LogicBranch,IfBlock, ,0,0,0,0,0,0,0,3,2,0,0,0,0,0,0,0, , , , , ,cach builder,com googl common cach,warn
Exception,CatchBlock,warn,0,0,0,0,0,0,0,3,3,0,0,0,0.00,1,63,3,Throwable, , , , ,local cach,com googl common cach,warn
Exception,CatchBlock,warn,0,0,0,0,0,0,0,4,3,1,1,0,0.00,1,68,3,Throwable,set except,load valu refer, , ,local cach,com googl common cach,warn
Exception,CatchBlock,error,0,0,0,0,0,0,0,7,3,1,4,0,0.03,1,53,3,Throwable,format,string, , ,event bu,com googl common eventbu,error
LogicBranch,IfBlock,error,0,0,0,0,0,0,0,3,3,1,1,0,0.01,1,115,3, ,loggabl,logger, , ,event bu,com googl common eventbu,error
LogicBranch,IfBlock, ,0,0,0,0,0,1,0,5,3,0,0,0,0,0,0,0, , , , , ,closeabl,com googl common io,warn
CriticalMethodCheck,MethodBlock, ,0,0,0,0,0,0,0,6,3,0,0,0,0,0,0,0, , , , , ,closer,com googl common io,warn
LogicBranch,IfBlock,error,0,0,0,0,0,1,0,5,3,0,0,0,0.07,1,71,3, , , , , ,flushabl,com googl common io,warn
Exception,CatchBlock,warn,0,0,0,0,0,0,0,3,3,0,0,0,0.04,1,76,3,IOException, , , , ,flushabl,com googl common io,error
Exception,CatchBlock,warn,0,0,0,0,1,0,0,5,1,0,0,0,0.01,3,54,1,SecurityException, , , , ,class path,com googl common reflect,warn
Exception,CatchBlock,warn,0,0,0,0,0,0,0,5,1,0,0,0,0.01,3,54,1,MalformedURLException, , , , ,class path,com googl common reflect,warn
Exception,CatchBlock,warn,0,0,0,0,0,0,0,3,3,0,0,0,0.01,3,51,1,MalformedURLException, , , , ,class path,com googl common reflect,warn
LogicBranch,IfBlock,warn,0,0,0,0,1,0,0,5,1,0,0,0,0.01,3,54,1, , , , , ,class path,com googl common reflect,warn
Exception,CatchBlock, ,0,0,0,0,0,0,0,6,3,0,0,0,0,0,0,0,Exception, , , , ,abstract schedul servic,com googl common util concurr,warn
LogicBranch,IfBlock,error,0,0,0,1,0,0,0,5,3,1,3,0,0.00,2,103,3, ,log,log, , ,abstract futur,com googl common util concurr,error
LogicBranch,IfBlock,error,0,0,0,1,0,0,0,5,3,1,3,0,0.00,2,93,3, ,log,log, , ,abstract futur,com googl common util concurr,error
Exception,CatchBlock, ,0,0,0,0,0,0,0,9,3,0,0,0,0,0,0,0,RuntimeException, , , , ,execut list benchmark,com googl common util concurr,error
LogicBranch,IfBlock, ,0,0,0,0,0,0,0,8,3,0,0,1,0,0,0,0, , , ,string,messag,aggreg futur,com googl common util concurr,error
LogicBranch,IfBlock, ,0,0,0,0,0,0,0,3,3,0,0,0,0,0,0,0, , , , , ,aggreg futur,com googl common util concurr,error
CriticalMethodCheck,MethodBlock, ,0,0,0,0,0,0,0,4,3,0,0,0,0,0,0,0, , , , , ,cycl detect lock factori,com googl common util concurr,error
Exception,CatchBlock, ,0,0,0,0,0,0,0,8,3,0,0,0,0,0,0,0,RuntimeException, , , , ,immedi futur,com googl common util concurr,error
Exception,CatchBlock,error,0,0,0,0,0,1,0,12,3,0,0,0,0.05,1,96,3,RuntimeException, , , , ,listen call queue,com googl common util concurr,error
Exception,CatchBlock,error,0,0,0,0,0,0,0,7,3,0,0,0,0.03,1,100,3,RuntimeException, , , , ,listen call queue,com googl common util concurr,error
Exception,CatchBlock, ,0,0,0,0,0,0,0,3,3,0,0,0,0,0,0,0,RuntimeException, , , , ,sequenti executor,com googl common util concurr,error
LogicBranch,IfBlock,debug,0,0,0,0,0,0,0,9,3,2,1,0,0.01,5,80,3, ,empti,copi immut list, , ,servic manag,com googl common util concurr,warn
Exception,CatchBlock,debug,0,0,0,0,0,0,0,7,3,0,0,0,0.01,5,97,3,IllegalStateException, , , , ,servic manag,com googl common util concurr,warn
LogicBranch,IfBlock,warn,0,0,0,0,0,0,0,3,3,0,0,0,0.00,5,93,3, , , , , ,servic manag,com googl common util concurr,debug
LogicBranch,IfBlock,warn,0,0,0,0,0,0,0,3,3,0,0,0,0.00,5,100,3, , , , , ,servic manag,com googl common util concurr,debug
LogicBranch,IfBlock,warn,0,0,0,0,0,0,0,6,3,0,0,0,0.01,5,88,3, , , , , ,servic manag,com googl common util concurr,debug
LogicBranch,IfBlock,debug,0,0,0,0,0,0,0,6,3,0,0,0,0.01,5,90,3, , , , , ,servic manag,com googl common util concurr,error
Exception,TryBlock, ,0,0,0,0,0,0,0,12,3,6,6,0,0,0,0,0, ,messag println messag println exit format,systemerr error log systemerr runtim string, , ,uncaught except handler,com googl common util concurr,error
Exception,CatchBlock, ,0,0,0,0,0,0,0,5,3,0,0,0,0,0,0,0,NoClassDefFoundError, , , , ,abstract packag saniti test,com googl common test,error
Exception,CatchBlock, ,0,0,0,0,1,0,0,4,3,1,1,0,0,0,0,0,InvocationTargetException,arbitrari constant instanc null,, , ,arbitrari instanc,com googl common test,warn
Exception,CatchBlock, ,0,0,0,0,0,0,0,3,3,0,0,0,0,0,0,0,Throwable, , , , ,sloppi tear,com googl common test,info
LogicBranch,IfBlock, ,0,0,0,0,0,0,0,5,3,1,1,0,0,0,0,0, ,add,except, , ,tear stack,com googl common test,info
CriticalMethodCheck,MethodBlock, ,0,0,0,0,0,0,0,3,3,0,0,0,0,0,0,0, , , , , ,test log handler test,com googl common test,info
LogicBranch,IfBlock, ,0,0,0,0,1,0,0,4,3,1,0,0,0,0,0,0, ,delet,file, , ,io test,com googl common io,warn
LogicBranch,IfBlock,warn,0,0,0,0,0,0,0,3,1,2,0,0,0.00,1,79,3, ,delet,file thread local, , ,sourc sink factori,com googl common io,warn
Exception,CatchBlock, ,0,0,0,0,0,0,0,6,3,0,0,0,0,0,0,0,RuntimeException, , , , ,abstract futur,com googl common util concurr,error
Exception,CatchBlock,warn,0,0,0,0,0,0,0,3,3,0,0,0,0.00,1,65,1,IOException, , , , ,sourc sink factori,com googl common io,warn
Exception,CatchBlock, ,0,0,0,0,0,0,0,3,3,0,0,0,0,0,0,0,IOException, , , , ,class path test,com googl common reflect,warn
