CriticalMethodCheck,MethodBlock,debug,0,0,0,0,1,0,0,14,0,3,2,1,0.16,1,54,2, , , ,boolean,filter enabl boolean properti,archaiu properti factori boolean properti,boolean,match filter,configur coda hale metric filter,com netflix hystrix contrib codahalemetricspublish,debug
CriticalMethodCheck,MethodBlock,debug,0,0,0,0,1,0,0,8,0,2,2,1,0.09,1,69,3, , , ,boolean,boolean properti,archaiu properti factori boolean properti,boolean,filter enabl,configur coda hale metric filter,com netflix hystrix contrib codahalemetricspublish,debug
Exception,CatchBlock,error,0,0,0,0,1,0,0,4,0,0,0,0,0.01,1,147,2,field error, , , , , , , ,hystrix coda hale metric publish collaps,com netflix hystrix contrib codahalemetricspublish,error
Exception,CatchBlock,error,0,0,0,0,1,0,0,4,0,0,0,0,0.01,1,147,2,field error, , , , , , , ,hystrix coda hale metric publish collaps,com netflix hystrix contrib codahalemetricspublish,error
Exception,CatchBlock,error,0,0,0,0,1,0,0,4,0,0,0,0,0.01,1,147,2,field error, , , , , , , ,hystrix coda hale metric publish command,com netflix hystrix contrib codahalemetricspublish,error
Exception,CatchBlock,error,0,0,0,0,1,0,0,4,0,0,0,0,0.01,1,147,2,field error, , , , , , , ,hystrix coda hale metric publish command,com netflix hystrix contrib codahalemetricspublish,error
Exception,CatchBlock, ,0,0,0,0,1,0,0,4,0,0,0,0,0,0,0,0,field error, , , , , , , ,hystrix coda hale metric publish thread pool,com netflix hystrix contrib codahalemetricspublish,error
Exception,CatchBlock, ,0,0,0,0,0,1,0,5,0,1,1,0,0,0,0,0,throwabl, , , ,unwrap caus,, , ,batch hystrix command,com netflix hystrix contrib javanica command,error
CriticalMethodCheck,MethodBlock,error,0,0,0,0,1,0,0,10,0,4,2,0,0.11,1,83,1, , , ,object,execut type command action execut process,command action, , ,gener command,com netflix hystrix contrib javanica command,debug
Exception,CatchBlock,debug,0,0,0,0,0,1,0,5,0,1,1,0,0.06,1,59,2,throwabl, , , ,unwrap caus,, , ,gener command,com netflix hystrix contrib javanica command,error
Exception,CatchBlock, ,0,0,0,0,0,1,0,5,0,2,0,0,0,0,0,0,except, , , ,fallback action caus,command action, , ,gener observ command,com netflix hystrix contrib javanica command,error
CriticalMethodCheck,MethodBlock, ,0,0,0,0,1,0,0,11,0,1,1,2,0,0,0,0, , , ,list user,add,user,list< user> string,user id,basic collaps test,com netflix hystrix contrib javanica test common collaps,debug
LogicBranch,IfBlock,error,0,0,0,1,0,0,0,10,1,5,8,0,0.02,7,82,1, , ,run compar set fals true, ,compar set error print stack trace set schedul fix delai,run logger ex run executor, , ,hystrix metric poller,com netflix hystrix contrib metric eventstream,debug
Exception,CatchBlock,debug,0,0,0,0,0,0,0,5,0,2,1,0,0.01,7,79,1,throwabl, , , ,print stack trace set,ex run, , ,hystrix metric poller,com netflix hystrix contrib metric eventstream,error
LogicBranch,IfBlock,error,0,0,0,1,0,0,0,6,1,3,4,0,0.01,7,81,1, , ,run compar set true fals, ,compar set debug cancel,run logger schedul task, , ,hystrix metric poller,com netflix hystrix contrib metric eventstream,debug
LogicBranch,IfBlock,error,0,0,0,1,0,0,0,6,1,3,4,0,0.01,7,81,1, , ,run compar set true fals, ,compar set debug cancel,run logger schedul task, , ,hystrix metric poller,com netflix hystrix contrib metric eventstream,debug
LogicBranch,IfBlock,error,0,0,0,1,0,0,0,8,1,4,3,0,0.02,7,70,1, , ,executor shutdown, ,shutdown simpl name error shutdown,executor hystrix metric pollerclass logger, , ,hystrix metric poller,com netflix hystrix contrib metric eventstream,warn
Exception,CatchBlock,debug,0,0,0,0,0,0,0,3,0,0,0,0,0.01,7,76,1,except, , , , , , , ,hystrix metric poller,com netflix hystrix contrib metric eventstream,error
Exception,CatchBlock,error,0,0,0,0,1,0,0,6,0,1,0,0,0.01,7,81,1,except, , , ,paus,, , ,hystrix metric poller,com netflix hystrix contrib metric eventstream,warn
Exception,CatchBlock,debug,0,0,0,0,0,0,0,4,0,1,2,0,0.01,7,66,1,field error, , , ,write field,json, , ,hystrix metric poller,com netflix hystrix contrib metric eventstream,error
CriticalMethodCheck,MethodBlock, ,0,0,0,0,0,0,0,5,0,1,1,0,0,0,0,0, , , ,void,set,data sent, , ,hystrix sampl sse servlet,com netflix hystrix contrib sampl stream,error
CriticalMethodCheck,MethodBlock, ,0,0,0,0,0,0,0,5,0,1,1,0,0,0,0,0, , , ,void,set,data sent, , ,hystrix stream output provid,com netflix hystrix contrib metric,error
Exception,CatchBlock,info,0,0,0,0,0,0,0,3,0,0,0,0,0.03,1,102,3,except, , , , , , , ,hystrix request log via logger servlet filter,com netflix hystrix contrib requestservlet,warn
LogicBranch,IfBlock,warn,0,0,0,0,0,0,0,4,0,2,0,1,0.04,1,52,2, , ,hystrix request context current thread initi, ,current thread initi current request,hystrix request context hystrix request log,hystrix request log,log,hystrix request log via logger servlet filter,com netflix hystrix contrib requestservlet,info
Exception,CatchBlock, ,0,0,0,0,0,0,0,3,0,0,0,0,0,0,0,0,except, , , , , , , ,hystrix request log via respons header servlet filter,com netflix hystrix contrib requestservlet,warn
Exception,CatchBlock,error,0,0,0,0,1,0,0,4,0,0,0,0,0.01,1,144,2,field error, , , , , , , ,hystrix servo metric publish collaps,com netflix hystrix contrib servopublish,error
Exception,CatchBlock,error,0,0,0,0,1,0,0,4,0,0,0,0,0.01,1,144,2,field error, , , , , , , ,hystrix servo metric publish collaps,com netflix hystrix contrib servopublish,error
Exception,CatchBlock,error,0,0,0,0,1,0,0,4,0,0,0,0,0.01,1,144,2,field error, , , , , , , ,hystrix servo metric publish command,com netflix hystrix contrib servopublish,error
Exception,CatchBlock,error,0,0,0,0,1,0,0,4,0,0,0,0,0.01,1,144,2,field error, , , , , , , ,hystrix servo metric publish command,com netflix hystrix contrib servopublish,error
Exception,CatchBlock,error,0,0,0,0,1,0,0,4,0,0,0,0,0.01,1,144,2,field error, , , , , , , ,hystrix servo metric publish thread pool,com netflix hystrix contrib servopublish,error
Exception,CatchBlock,error,0,0,0,0,1,0,0,4,0,0,0,0,0.01,1,144,2,field error, , , , , , , ,hystrix servo metric publish thread pool,com netflix hystrix contrib servopublish,error
Exception,CatchBlock,error,0,0,0,0,1,0,0,4,0,0,0,0,0.01,1,145,2,field error, , , , , , , ,hystrix yammer metric publish collaps,com netflix hystrix contrib yammermetricspublish,error
Exception,CatchBlock,error,0,0,0,0,1,0,0,4,0,0,0,0,0.01,1,145,2,field error, , , , , , , ,hystrix yammer metric publish collaps,com netflix hystrix contrib yammermetricspublish,error
Exception,CatchBlock,error,0,0,0,0,1,0,0,4,0,0,0,0,0.01,1,145,2,field error, , , , , , , ,hystrix yammer metric publish command,com netflix hystrix contrib yammermetricspublish,error
Exception,CatchBlock,error,0,0,0,0,1,0,0,4,0,0,0,0,0.01,1,145,2,field error, , , , , , , ,hystrix yammer metric publish command,com netflix hystrix contrib yammermetricspublish,error
Exception,CatchBlock, ,0,0,0,0,1,0,0,4,0,0,0,0,0,0,0,0,field error, , , , , , , ,hystrix yammer metric publish thread pool,com netflix hystrix contrib yammermetricspublish,error
Exception,CatchBlock,error,0,0,0,0,0,0,0,3,0,0,0,0,0.00,28,80,1,throwabl, , , , , , , ,abstract command,com netflix hystrix,error
Exception,CatchBlock,error,0,0,0,0,0,0,0,3,0,0,0,0,0.00,28,80,1,throwabl, , , , , , , ,abstract command,com netflix hystrix,error
Exception,CatchBlock,error,0,0,0,0,0,0,0,3,0,0,0,0,0.00,28,80,1,throwabl, , , , , , , ,abstract command,com netflix hystrix,error
Exception,CatchBlock,error,0,0,0,0,1,0,0,4,0,0,0,0,0.00,28,80,1,throwabl, , , , , , , ,abstract command,com netflix hystrix,error
Exception,CatchBlock,error,0,0,0,0,0,0,0,3,0,0,0,0,0.00,28,80,1,throwabl, , , , , , , ,abstract command,com netflix hystrix,error
LogicBranch,IfBlock,error,0,0,0,0,0,0,0,3,0,1,1,0,0.00,28,79,1, , ,recover error origin except, ,recover error,, , ,abstract command,com netflix hystrix,warn
LogicBranch,IfBlock,error,0,0,0,1,0,0,0,13,1,9,10,0,0.01,28,79,1, , ,fe instanceof unsupport oper except, ,mark event add event class log messag prefix debug mark event add event class log messag prefix,event notifi execut result cmd logger event notifi execut result cmd, , ,abstract command,com netflix hystrix,debug
LogicBranch,IfBlock,error,0,0,0,1,0,0,0,13,1,10,10,0,0.01,28,81,1, , ,fe instanceof unsupport oper except, ,name debug mark event add event class log messag prefix mark event add event class log messag prefix,failur type logger event notifi execut result cmd event notifi execut result cmd, , ,abstract command,com netflix hystrix,debug
LogicBranch,IfBlock,error,0,0,0,1,1,0,0,117,3,54,48,14,0.05,28,78,1, , ,unrecover origin except, ,unrecover recover error warn fallback enabl handl fallback disabl emit error set request context output event add event mark event current time milli start timestamp mark event add event wrap error hook except throwabl current time milli start timestamp name debug mark event add event class log messag prefix debug mark event add event class log messag prefix wrap error error fallback semaphor compar set releas try acquir handl fallback reject emit error error fallback user defin fallback observ fallback start fallback observ lift lift complet error resum termin unsubscrib wrap error hook class log messag prefix error,logger properti fallback enabl execut result event notifi system execut result event notifi execut result system execut result failur type logger event notifi execut result cmd logger event notifi execut result cmd observ observ semaphor releas fallback semaphor fallback semaphor observ execut hook fallback execut chain lift lift complet error resum termin observ,action1< notification< super r>> action1< r> action0 except except except func1< throwabl observable< r>> tryabl semaphor atom boolean action0 observable< r> except,set request context mark fallback emit latenc mark fallback complet fe latenc emit handl fallback error fallback semaphor semaphor releas singl semaphor releas fallback execut chain,abstract command,com netflix hystrix,error
Exception,CatchBlock,error,0,0,0,0,0,0,0,3,0,0,0,0,0.00,28,80,1,throwabl, , , , , , , ,abstract command,com netflix hystrix,error
CriticalMethodCheck,MethodBlock,error,0,0,0,0,1,0,0,9,0,3,8,1,0.00,28,80,1, , , ,observ,set execut except mark event fallback throw except,execut result event notifi,except,semaphor reject except,abstract command,com netflix hystrix,debug
Exception,CatchBlock,error,0,0,0,0,0,0,0,3,0,0,0,0,0.00,28,80,1,except, , , , , , , ,abstract command,com netflix hystrix,error
LogicBranch,IfBlock,error,0,0,0,0,0,0,0,5,0,0,0,0,0.00,28,77,1, , ,decor instanceof hystrix bad request except, , , , , ,abstract command,com netflix hystrix,warn
CriticalMethodCheck,MethodBlock,error,0,0,0,0,1,0,0,13,0,3,8,0,0.01,28,79,1, , , ,observ,mark event set except fallback throw except,event notifi execut result, , ,abstract command,com netflix hystrix,error
CriticalMethodCheck,MethodBlock,error,0,0,0,0,1,0,0,8,0,7,5,1,0.00,28,81,1, , , ,observ,current time milli start timestamp mark event add event class log messag prefix error,system execut result event notifi execut result observ,,latenc fallback,abstract command,com netflix hystrix,debug
CriticalMethodCheck,MethodBlock,error,0,0,0,0,1,0,0,9,0,5,5,1,0.00,28,79,1, , , ,observ,mark event wrap error hook class log messag prefix error,event notifi observ,except,wrap,abstract command,com netflix hystrix,debug
Exception,CatchBlock,error,0,0,0,0,0,0,0,3,0,0,0,0,0.00,28,80,1,throwabl, , , , , , , ,abstract command,com netflix hystrix,error
Exception,CatchBlock,error,0,0,0,0,0,0,0,3,0,0,0,0,0.00,28,79,1,throwabl, , , , , , , ,abstract command,com netflix hystrix,error
Exception,CatchBlock,error,0,0,0,0,0,0,0,3,0,0,0,0,0.00,28,80,1,throwabl, , , , , , , ,abstract command,com netflix hystrix,error
Exception,CatchBlock,error,0,0,0,0,0,0,0,4,0,1,1,0,0.00,28,80,1,throwabl, , , ,error,subscrib, , ,abstract command,com netflix hystrix,error
Exception,CatchBlock,error,0,0,0,0,0,0,0,4,0,1,1,0,0.00,28,80,1,throwabl, , , ,,subscrib, , ,abstract command,com netflix hystrix,error
Exception,CatchBlock,error,0,0,0,0,0,0,0,4,0,1,1,0,0.00,28,80,1,throwabl, , , ,,subscrib, , ,abstract command,com netflix hystrix,error
Exception,CatchBlock,error,0,0,0,0,1,0,0,4,0,0,0,0,0.00,28,80,1,throwabl, , , , , , , ,abstract command,com netflix hystrix,error
Exception,CatchBlock,error,0,0,0,0,1,0,0,4,0,0,0,0,0.00,28,80,1,throwabl, , , , , , , ,abstract command,com netflix hystrix,error
Exception,CatchBlock,error,0,0,0,0,1,0,0,4,0,0,0,0,0.00,28,80,1,throwabl, , , , , , , ,abstract command,com netflix hystrix,error
Exception,CatchBlock,error,0,0,0,0,1,0,0,4,0,0,0,0,0.00,28,80,1,throwabl, , , , , , , ,abstract command,com netflix hystrix,error
Exception,CatchBlock,error,0,0,0,0,1,0,0,4,0,0,0,0,0.00,28,80,1,throwabl, , , , , , , ,abstract command,com netflix hystrix,error
Exception,CatchBlock,error,0,0,0,0,1,0,0,4,0,0,0,0,0.00,28,80,1,throwabl, , , , , , , ,abstract command,com netflix hystrix,error
CriticalMethodCheck,MethodBlock,error,0,0,0,0,1,0,0,35,0,18,4,1,0.02,28,82,1, , , ,throwabl,caus wrap caus caus caus caus wrap caus caus caus caus caus wrap caus wrap caus log messag prefix class,caus caus,string,messag,abstract command,com netflix hystrix,debug
Exception,CatchBlock,warn,0,0,0,0,0,0,0,3,0,0,0,0,0.01,2,41,2,except, , , , , , , ,hystrix,com netflix hystrix,warn
Exception,CatchBlock,warn,0,0,0,0,0,0,0,4,0,0,0,0,0.02,2,45,2,element except, , , , , , , ,hystrix,com netflix hystrix,debug
Exception,CatchBlock,warn,0,0,0,0,0,0,0,3,0,0,0,0,0.01,2,47,2,except, , , , , , , ,hystrix,com netflix hystrix,warn
Exception,CatchBlock, ,0,0,0,0,0,1,0,14,0,4,0,1,0,0,0,0,throwabl, , , ,caus caus class simpl name,class,string,messag,hystrix collaps,com netflix hystrix,debug
Exception,CatchBlock, ,0,0,0,0,0,0,0,5,0,0,0,0,0,0,0,0,except, , , , , , , ,hystrix command properti,com netflix hystrix,error
LogicBranch,IfBlock,warn,0,0,0,0,0,0,0,7,0,3,3,0,0.01,1,72,2, , ,request respons null, ,call emit respons add,map batch type respons type request respons seen kei, , ,hystrix observ collaps,com netflix hystrix,warn
LogicBranch,IfBlock,warn,0,0,0,0,0,0,0,4,0,1,1,0,0.01,2,117,1, , ,execut command offer command, ,offer,execut command, , ,hystrix request log,com netflix hystrix,warn
LogicBranch,IfBlock,warn,0,0,0,0,0,0,0,4,0,1,1,0,0.01,2,117,1, , ,execut command offer, ,offer,execut command, , ,hystrix request log,com netflix hystrix,warn
Exception,CatchBlock,warn,0,0,0,0,1,0,0,5,0,0,0,0,0.02,2,158,1,except, , , , , , , ,hystrix request log,com netflix hystrix,error
Exception,CatchBlock,debug,0,0,0,1,0,0,0,11,1,3,3,1,0.04,9,110,2,except, , , ,debug set except valu,logger request argument map,collaps request< respons type request argument type>,request,request batch,com netflix hystrix collaps,error
Exception,CatchBlock,debug,0,0,0,0,0,0,0,3,0,0,0,0,0.01,9,108,2,illeg except, , , , , , , ,request batch,com netflix hystrix collaps,debug
Exception,CatchBlock,debug,0,0,0,1,0,0,0,11,1,2,3,1,0.04,9,107,2,except, , , ,debug set except,logger request,collaps request< respons type request argument type>,request,request batch,com netflix hystrix collaps,error
Exception,CatchBlock,debug,0,0,0,0,0,0,0,3,0,0,0,0,0.01,9,108,2,illeg except, , , , , , , ,request batch,com netflix hystrix collaps,debug
Exception,CatchBlock,debug,0,0,0,0,0,0,0,3,0,0,0,0,0.01,9,99,2,illeg except, , , , , , , ,request batch,com netflix hystrix collaps,debug
CriticalMethodCheck,MethodBlock,debug,0,0,0,1,0,0,0,22,1,3,3,2,0.08,9,109,2, , , ,void,error set except respons receiv valu,logger collaps request subject< respons type request argument type> request argument map,except collaps request< respons type request argument type>,ee request,request batch,com netflix hystrix collaps,debug
Exception,CatchBlock,debug,0,0,0,0,0,0,0,6,0,0,0,0,0.02,9,101,2,illeg except, , , , , , , ,request batch,com netflix hystrix collaps,error
LogicBranch,IfBlock,debug,0,0,0,1,0,0,0,22,2,6,5,1,0.08,9,99,2, , ,argument map size 0, ,size debug set except respons receiv argument warn valu,argument map logger collaps request subject< respons type request argument type> request request logger argument map,collaps request< respons type request argument type>,request,request batch,com netflix hystrix collaps,warn
Exception,CatchBlock,debug,0,0,0,0,0,0,0,3,0,0,0,0,0.01,9,107,2,except, , , , , , , ,request batch,com netflix hystrix collaps,debug
LoopCheck,ForBlock,debug,0,0,0,1,0,0,0,11,1,3,3,1,0.04,9,94,2, ,argument map valu, , ,debug set except respons receiv valu,logger collaps request subject< respons type request argument type> request argument map,collaps request< respons type request argument type>,request,request batch,com netflix hystrix collaps,warn
Exception,CatchBlock,error,0,0,0,0,0,0,0,5,0,1,0,0,0.03,1,93,2,throwabl, , , ,print stack trace,, , ,request collaps,com netflix hystrix collaps,error
Exception,CatchBlock,error,0,0,0,0,0,0,0,4,0,1,0,0,0.02,1,62,2,except, , , ,print stack trace,, , ,request collaps,com netflix hystrix collaps,error
LogicBranch,IfBlock, ,0,0,0,0,1,0,0,6,0,5,3,0,0,0,0,0, , ,scope scope valu scope name, ,scope name valu collaps user request collaps global scope,scope scope, , ,request collaps factori,com netflix hystrix collaps,warn
LogicBranch,IfBlock,debug,0,0,0,0,1,0,0,7,0,2,0,0,0.02,3,135,2, , ,hp null, ,class canon name,hp class, , ,hystrix plugin,com netflix hystrix strategi,debug
LogicBranch,IfBlock,debug,0,0,0,0,1,0,0,6,0,2,0,0,0.01,3,156,2, , ,hp null, ,class canon name,hp class, , ,hystrix plugin,com netflix hystrix strategi,debug
LogicBranch,IfBlock,debug,0,0,0,0,1,0,0,5,0,2,0,0,0.01,3,168,2, , ,hp null, ,class canon name,hp class, , ,hystrix plugin,com netflix hystrix strategi,debug
CriticalMethodCheck,MethodBlock,debug,0,0,0,1,1,0,0,28,3,19,10,1,0.07,3,162,2, , , ,hystrix dynam properti,instanc plugin implement via properti class canon name logger debug servic class canon name logger debug creat archaiu dynam properti class canon name logger debug instanc class canon name,hystrix dynam properti system properti hp class log supplier logger hp class log supplier logger hystrix archaiu helper hp class log supplier logger hystrix dynam properti system properti hp class,hystrix dynam properti,hp,hystrix plugin,com netflix hystrix strategi,info
Exception,CatchBlock, ,0,0,0,0,0,0,0,3,0,0,0,0,0,0,0,0,throwabl, , , , , , , ,hystrix request context,com netflix hystrix strategi concurr,error
LogicBranch,IfBlock, ,0,0,0,0,0,0,0,3,0,1,0,0,0,0,0,0, , ,request variabl instanc size 100, ,size,request variabl instanc, , ,hystrix request variabl holder,com netflix hystrix strategi concurr,warn
LogicBranch,IfBlock,debug,0,0,0,1,0,0,0,7,1,6,5,0,0.02,4,71,3, , ,valu accept, ,valu accept set name valu debug set,refer logger refer, , ,hystrix properti chain archaiu properti,com netflix hystrix strategi properti,debug
LogicBranch,IfBlock,debug,0,0,0,1,0,0,0,7,1,5,5,0,0.02,4,69,3, , ,valu accept, ,valu accept name debug set set,logger refer refer, , ,hystrix properti chain archaiu properti,com netflix hystrix strategi properti,debug
CriticalMethodCheck,MethodBlock,debug,0,0,0,0,0,0,0,5,0,1,0,0,0.01,4,75,3, , , ,void,check flip,, , ,hystrix properti chain archaiu properti,com netflix hystrix strategi properti,debug
CriticalMethodCheck,MethodBlock,debug,0,0,0,0,0,0,0,5,0,1,0,0,0.01,4,75,3, , , ,void,check flip,, , ,hystrix properti chain archaiu properti,com netflix hystrix strategi properti,debug
CriticalMethodCheck,MethodBlock,debug,0,0,0,0,0,0,0,5,0,1,0,0,0.01,4,75,3, , , ,void,check flip,, , ,hystrix properti chain archaiu properti,com netflix hystrix strategi properti,debug
LogicBranch,IfBlock,debug,0,0,0,1,0,0,0,7,1,6,5,0,0.03,2,77,3, , ,valu accept, ,valu accept set name valu debug set,refer logger refer, , ,hystrix properti chain properti,com netflix hystrix strategi properti,debug
LogicBranch,IfBlock,debug,0,0,0,1,0,0,0,7,1,5,5,0,0.03,2,72,3, , ,valu accept, ,valu accept name debug set set,logger refer refer, , ,hystrix properti chain properti,com netflix hystrix strategi properti,debug
CriticalMethodCheck,MethodBlock,debug,0,0,0,0,0,0,0,5,0,1,0,0,0.02,2,84,3, , , ,void,check flip,, , ,hystrix properti chain properti,com netflix hystrix strategi properti,debug
Exception,CatchBlock, ,0,0,0,0,0,0,0,3,0,0,0,0,0,0,0,0,except, , , , , , , ,hystrix roll percentil,com netflix hystrix util,error
Exception,CatchBlock, ,0,0,0,0,0,0,0,3,0,0,0,0,0,0,0,0,except, , , , , , , ,hystrix timer,com netflix hystrix util,error
Exception,CatchBlock, ,0,0,0,0,0,0,0,4,0,1,2,0,0,0,0,0,field error, , , ,write field,json, , ,serial hystrix dashboard data,com netflix hystrix serial,error
