Exception,CatchBlock,error,0,0,0,0,0,0,0,4,0,3,3,0,0.01,5,41,2,except, , , ,messag messag alert exit,i18n util, , ,applic,org pdown gui,error
Exception,CatchBlock,error,0,0,0,0,0,0,0,3,0,0,0,0,0.01,5,40,2,except, , , , , , , ,applic,org pdown gui,error
Exception,CatchBlock,error,0,0,0,0,0,0,0,3,0,0,0,0,0.01,5,39,2,except, , , , , , , ,applic,org pdown gui,error
Exception,CatchBlock,error,0,0,0,0,0,0,0,4,0,2,1,0,0.01,5,40,2,except, , , ,messag alert exit,, , ,applic,org pdown gui,error
Exception,CatchBlock,error,0,0,0,0,0,0,0,3,0,0,0,0,0.01,5,41,2,except, , , , , , , ,applic,org pdown gui,error
Exception,CatchBlock,error,0,0,0,0,0,0,0,3,0,0,0,0,0.01,5,39,2,except, , , , , , , ,applic,org pdown gui,error
LogicBranch,IfBlock, ,0,0,0,0,1,0,1,31,0,38,24,8,0,0,0,0, , ,flag, ,content set content http request string string close request proto host request proto port request proto ssl set request proto pars event loop parent http respons info header header set header set byte content write byte content readabl byte header set write flush write flush close write valu string encod write valu string encod load uri,http request info http request info pipelin http request http respons proxi channel pipelin request proto pipelin request proto pipelin request proto http request info http request form client channel event loop http util http respons header http respons header http respons header js http content content http content content http respons header client channel client channel client channel object mapper encod object mapper encod applic,http request form http respons info string http content object mapper string string string,request form respons info js http content object mapper request param respons param uri,sniff intercept,org pdown gui extens mitm intercept,debug
CriticalMethodCheck,MethodBlock,warn,0,0,0,0,0,0,0,4,0,0,0,0,0.06,1,32,2, , , ,void, , , , ,proxi server,org pdown gui extens mitm server,warn
CriticalMethodCheck,MethodBlock,warn,0,0,0,0,0,0,0,4,0,0,0,0,0.06,1,33,2, , , ,void, , , , ,proxi server,org pdown gui extens mitm server,warn
Exception,CatchBlock, ,0,0,0,0,0,0,0,3,0,0,0,0,0,0,0,0,except, , , , , , , ,extens util,org pdown gui extens util,error
CriticalMethodCheck,MethodBlock, ,0,0,0,0,0,0,0,9,0,7,5,2,0,0,0,0, , , ,void,caus string build json set statu channel write flush,caus caus data http handler util http respons ctx channel,map< string object> http respons,data http respons,emb http server,org pdown gui http,error
Exception,CatchBlock,error,0,0,0,0,0,0,0,3,0,0,0,0,0.01,1,56,2,except, , , , , , , ,nativ control,org pdown gui http control,error
Exception,CatchBlock,error,0,0,0,0,0,0,0,3,0,0,0,0,0.01,1,43,2,except, , , , , , , ,nativ control,org pdown gui http control,error
Exception,CatchBlock, ,0,0,0,0,0,0,0,3,0,0,0,0,0,0,0,0,except, , , , , , , ,http app callback,org pdown gui rest,error
